-- Insertamos datos iniciales en Editorial
INSERT INTO editoriales (id, nombre) VALUES
(1, 'Editorial Ejemplo 1'),
(2, 'Editorial Ejemplo 2'),
(3, 'Editorial Ejemplo 3'),
(4, 'Editorial Ejemplo 4'),
(5, 'Editorial Ejemplo 5'),
(6, 'Editorial Ejemplo 6'),
(7, 'Editorial Ejemplo 7'),
(8, 'Editorial Ejemplo 8'),
(9, 'Editorial Ejemplo 9'),
(10, 'Editorial Ejemplo 10'),
(11, 'Editorial Ejemplo 11'),
(12, 'Editorial Ejemplo 12'),
(13, 'Editorial Ejemplo 13'),
(14, 'Editorial Ejemplo 14'),
(15, 'Editorial Ejemplo 15'),
(16, 'Editorial Ejemplo 16'),
(17, 'Editorial Ejemplo 17'),
(18, 'Editorial Ejemplo 18'),
(19, 'Editorial Ejemplo 19'),
(20, 'Editorial Ejemplo 20'),
(21, 'Editorial Ejemplo 21'),
(22, 'Editorial Ejemplo 22'),
(23, 'Editorial Ejemplo 23'),
(24, 'Editorial Ejemplo 24'),
(25, 'Editorial Ejemplo 25'),
(26, 'Editorial Ejemplo 26'),
(27, 'Editorial Ejemplo 27'),
(28, 'Editorial Ejemplo 28'),
(29, 'Editorial Ejemplo 29'),
(30, 'Editorial Ejemplo 30'),
(31, 'Editorial Ejemplo 31'),
(32, 'Editorial Ejemplo 32'),
(33, 'Editorial Ejemplo 33'),
(34, 'Editorial Ejemplo 34'),
(35, 'Editorial Ejemplo 35'),
(36, 'Editorial Ejemplo 36'),
(37, 'Editorial Ejemplo 37'),
(38, 'Editorial Ejemplo 38'),
(39, 'Editorial Ejemplo 39'),
(40, 'Editorial Ejemplo 40'),
(41, 'Editorial Ejemplo 41'),
(42, 'Editorial Ejemplo 42'),
(43, 'Editorial Ejemplo 43'),
(44, 'Editorial Ejemplo 44'),
(45, 'Editorial Ejemplo 45'),
(46, 'Editorial Ejemplo 46'),
(47, 'Editorial Ejemplo 47'),
(48, 'Editorial Ejemplo 48'),
(49, 'Editorial Ejemplo 49'),
(50, 'Editorial Ejemplo 50'),
(51, 'Editorial Ejemplo 51'),
(52, 'Editorial Ejemplo 52'),
(53, 'Editorial Ejemplo 53'),
(54, 'Editorial Ejemplo 54'),
(55, 'Editorial Ejemplo 55'),
(56, 'Editorial Ejemplo 56'),
(57, 'Editorial Ejemplo 57'),
(58, 'Editorial Ejemplo 58'),
(59, 'Editorial Ejemplo 59'),
(60, 'Editorial Ejemplo 60'),
(61, 'Editorial Ejemplo 61'),
(62, 'Editorial Ejemplo 62'),
(63, 'Editorial Ejemplo 63'),
(64, 'Editorial Ejemplo 64'),
(65, 'Editorial Ejemplo 65'),
(66, 'Editorial Ejemplo 66'),
(67, 'Editorial Ejemplo 67'),
(68, 'Editorial Ejemplo 68'),
(69, 'Editorial Ejemplo 69'),
(70, 'Editorial Ejemplo 70'),
(71, 'Editorial Ejemplo 71'),
(72, 'Editorial Ejemplo 72'),
(73, 'Editorial Ejemplo 73'),
(74, 'Editorial Ejemplo 74'),
(75, 'Editorial Ejemplo 75'),
(76, 'Editorial Ejemplo 76'),
(77, 'Editorial Ejemplo 77'),
(78, 'Editorial Ejemplo 78'),
(79, 'Editorial Ejemplo 79'),
(80, 'Editorial Ejemplo 80'),
(81, 'Editorial Ejemplo 81'),
(82, 'Editorial Ejemplo 82'),
(83, 'Editorial Ejemplo 83'),
(84, 'Editorial Ejemplo 84'),
(85, 'Editorial Ejemplo 85'),
(86, 'Editorial Ejemplo 86'),
(87, 'Editorial Ejemplo 87'),
(88, 'Editorial Ejemplo 88'),
(89, 'Editorial Ejemplo 89'),
(90, 'Editorial Ejemplo 90'),
(91, 'Editorial Ejemplo 91'),
(92, 'Editorial Ejemplo 92'),
(93, 'Editorial Ejemplo 93'),
(94, 'Editorial Ejemplo 94'),
(95, 'Editorial Ejemplo 95'),
(96, 'Editorial Ejemplo 96'),
(97, 'Editorial Ejemplo 97'),
(98, 'Editorial Ejemplo 98'),
(99, 'Editorial Ejemplo 99'),
(100, 'Editorial Ejemplo 100');

-- Insertamos datos iniciales en Autores
INSERT INTO autores (id, nombre, nacionalidad) VALUES
(1, 'Autor 1', 'Nacionalidad 1'),
(2, 'Autor 2', 'Nacionalidad 2'),
(3, 'Autor 3', 'Nacionalidad 3'),
(4, 'Autor 4', 'Nacionalidad 4'),
(5, 'Autor 5', 'Nacionalidad 5'),
(6, 'Autor 6', 'Nacionalidad 6'),
(7, 'Autor 7', 'Nacionalidad 7'),
(8, 'Autor 8', 'Nacionalidad 8'),
(9, 'Autor 9', 'Nacionalidad 9'),
(10, 'Autor 10', 'Nacionalidad 10'),
(11, 'Autor 11', 'Nacionalidad 11'),
(12, 'Autor 12', 'Nacionalidad 12'),
(13, 'Autor 13', 'Nacionalidad 13'),
(14, 'Autor 14', 'Nacionalidad 14'),
(15, 'Autor 15', 'Nacionalidad 15'),
(16, 'Autor 16', 'Nacionalidad 16'),
(17, 'Autor 17', 'Nacionalidad 17'),
(18, 'Autor 18', 'Nacionalidad 18'),
(19, 'Autor 19', 'Nacionalidad 19'),
(20, 'Autor 20', 'Nacionalidad 20'),
(21, 'Autor 21', 'Nacionalidad 21'),
(22, 'Autor 22', 'Nacionalidad 22'),
(23, 'Autor 23', 'Nacionalidad 23'),
(24, 'Autor 24', 'Nacionalidad 24'),
(25, 'Autor 25', 'Nacionalidad 25'),
(26, 'Autor 26', 'Nacionalidad 26'),
(27, 'Autor 27', 'Nacionalidad 27'),
(28, 'Autor 28', 'Nacionalidad 28'),
(29, 'Autor 29', 'Nacionalidad 29'),
(30, 'Autor 30', 'Nacionalidad 30'),
(31, 'Autor 31', 'Nacionalidad 31'),
(32, 'Autor 32', 'Nacionalidad 32'),
(33, 'Autor 33', 'Nacionalidad 33'),
(34, 'Autor 34', 'Nacionalidad 34'),
(35, 'Autor 35', 'Nacionalidad 35'),
(36, 'Autor 36', 'Nacionalidad 36'),
(37, 'Autor 37', 'Nacionalidad 37'),
(38, 'Autor 38', 'Nacionalidad 38'),
(39, 'Autor 39', 'Nacionalidad 39'),
(40, 'Autor 40', 'Nacionalidad 40'),
(41, 'Autor 41', 'Nacionalidad 41'),
(42, 'Autor 42', 'Nacionalidad 42'),
(43, 'Autor 43', 'Nacionalidad 43'),
(44, 'Autor 44', 'Nacionalidad 44'),
(45, 'Autor 45', 'Nacionalidad 45'),
(46, 'Autor 46', 'Nacionalidad 46'),
(47, 'Autor 47', 'Nacionalidad 47'),
(48, 'Autor 48', 'Nacionalidad 48'),
(49, 'Autor 49', 'Nacionalidad 49'),
(50, 'Autor 50', 'Nacionalidad 50'),
(51, 'Autor 51', 'Nacionalidad 51'),
(52, 'Autor 52', 'Nacionalidad 52'),
(53, 'Autor 53', 'Nacionalidad 53'),
(54, 'Autor 54', 'Nacionalidad 54'),
(55, 'Autor 55', 'Nacionalidad 55'),
(56, 'Autor 56', 'Nacionalidad 56'),
(57, 'Autor 57', 'Nacionalidad 57'),
(58, 'Autor 58', 'Nacionalidad 58'),
(59, 'Autor 59', 'Nacionalidad 59'),
(60, 'Autor 60', 'Nacionalidad 60'),
(61, 'Autor 61', 'Nacionalidad 61'),
(62, 'Autor 62', 'Nacionalidad 62'),
(63, 'Autor 63', 'Nacionalidad 63'),
(64, 'Autor 64', 'Nacionalidad 64'),
(65, 'Autor 65', 'Nacionalidad 65'),
(66, 'Autor 66', 'Nacionalidad 66'),
(67, 'Autor 67', 'Nacionalidad 67'),
(68, 'Autor 68', 'Nacionalidad 68'),
(69, 'Autor 69', 'Nacionalidad 69'),
(70, 'Autor 70', 'Nacionalidad 70'),
(71, 'Autor 71', 'Nacionalidad 71'),
(72, 'Autor 72', 'Nacionalidad 72'),
(73, 'Autor 73', 'Nacionalidad 73'),
(74, 'Autor 74', 'Nacionalidad 74'),
(75, 'Autor 75', 'Nacionalidad 75'),
(76, 'Autor 76', 'Nacionalidad 76'),
(77, 'Autor 77', 'Nacionalidad 77'),
(78, 'Autor 78', 'Nacionalidad 78'),
(79, 'Autor 79', 'Nacionalidad 79'),
(80, 'Autor 80', 'Nacionalidad 80'),
(81, 'Autor 81', 'Nacionalidad 81'),
(82, 'Autor 82', 'Nacionalidad 82'),
(83, 'Autor 83', 'Nacionalidad 83'),
(84, 'Autor 84', 'Nacionalidad 84'),
(85, 'Autor 85', 'Nacionalidad 85'),
(86, 'Autor 86', 'Nacionalidad 86'),
(87, 'Autor 87', 'Nacionalidad 87'),
(88, 'Autor 88', 'Nacionalidad 88'),
(89, 'Autor 89', 'Nacionalidad 89'),
(90, 'Autor 90', 'Nacionalidad 90'),
(91, 'Autor 91', 'Nacionalidad 91'),
(92, 'Autor 92', 'Nacionalidad 92'),
(93, 'Autor 93', 'Nacionalidad 93'),
(94, 'Autor 94', 'Nacionalidad 94'),
(95, 'Autor 95', 'Nacionalidad 95'),
(96, 'Autor 96', 'Nacionalidad 96'),
(97, 'Autor 97', 'Nacionalidad 97'),
(98, 'Autor 98', 'Nacionalidad 98'),
(99, 'Autor 99', 'Nacionalidad 99'),
(100, 'Autor 100', 'Nacionalidad 100');

-- Insertamos datos iniciales en Libros
INSERT INTO libros (id, titulo, editorial_id) VALUES
(1, 'Libro 1', 1),
(2, 'Libro 2', 2),
(3, 'Libro 3', 3),
(4, 'Libro 4', 4),
(5, 'Libro 5', 5),
(6, 'Libro 6', 6),
(7, 'Libro 7', 7),
(8, 'Libro 8', 8),
(9, 'Libro 9', 9),
(10, 'Libro 10', 10),
(11, 'Libro 11', 11),
(12, 'Libro 12', 12),
(13, 'Libro 13', 13),
(14, 'Libro 14', 14),
(15, 'Libro 15', 15),
(16, 'Libro 16', 16),
(17, 'Libro 17', 17),
(18, 'Libro 18', 18),
(19, 'Libro 19', 19),
(20, 'Libro 20', 20),
(21, 'Libro 21', 21),
(22, 'Libro 22', 22),
(23, 'Libro 23', 23),
(24, 'Libro 24', 24),
(25, 'Libro 25', 25),
(26, 'Libro 26', 26),
(27, 'Libro 27', 27),
(28, 'Libro 28', 28),
(29, 'Libro 29', 29),
(30, 'Libro 30', 30),
(31, 'Libro 31', 31),
(32, 'Libro 32', 32),
(33, 'Libro 33', 33),
(34, 'Libro 34', 34),
(35, 'Libro 35', 35),
(36, 'Libro 36', 36),
(37, 'Libro 37', 37),
(38, 'Libro 38', 38),
(39, 'Libro 39', 39),
(40, 'Libro 40', 40),
(41, 'Libro 41', 41),
(42, 'Libro 42', 42),
(43, 'Libro 43', 43),
(44, 'Libro 44', 44),
(45, 'Libro 45', 45),
(46, 'Libro 46', 46),
(47, 'Libro 47', 47),
(48, 'Libro 48', 48),
(49, 'Libro 49', 49),
(50, 'Libro 50', 50),
(51, 'Libro 51', 51),
(52, 'Libro 52', 52),
(53, 'Libro 53', 53),
(54, 'Libro 54', 54),
(55, 'Libro 55', 55),
(56, 'Libro 56', 56),
(57, 'Libro 57', 57),
(58, 'Libro 58', 58),
(59, 'Libro 59', 59),
(60, 'Libro 60', 60),
(61, 'Libro 61', 61),
(62, 'Libro 62', 62),
(63, 'Libro 63', 63),
(64, 'Libro 64', 64),
(65, 'Libro 65', 65),
(66, 'Libro 66', 66),
(67, 'Libro 67', 67),
(68, 'Libro 68', 68),
(69, 'Libro 69', 69),
(70, 'Libro 70', 70),
(71, 'Libro 71', 71),
(72, 'Libro 72', 72),
(73, 'Libro 73', 73),
(74, 'Libro 74', 74),
(75, 'Libro 75', 75),
(76, 'Libro 76', 76),
(77, 'Libro 77', 77),
(78, 'Libro 78', 78),
(79, 'Libro 79', 79),
(80, 'Libro 80', 80),
(81, 'Libro 81', 81),
(82, 'Libro 82', 82),
(83, 'Libro 83', 83),
(84, 'Libro 84', 84),
(85, 'Libro 85', 85),
(86, 'Libro 86', 86),
(87, 'Libro 87', 87),
(88, 'Libro 88', 88),
(89, 'Libro 89', 89),
(90, 'Libro 90', 90),
(91, 'Libro 91', 91),
(92, 'Libro 92', 92),
(93, 'Libro 93', 93),
(94, 'Libro 94', 94),
(95, 'Libro 95', 95),
(96, 'Libro 96', 96),
(97, 'Libro 97', 97),
(98, 'Libro 98', 98),
(99, 'Libro 99', 99),
(100, 'Libro 100', 100);

-- Relación ManyToMany libros_autores
INSERT INTO libros_autores (libro_id, autor_id) VALUES
(1, 1),
(2, 2),
(3, 3),
(4, 4),
(5, 5),
(6, 6),
(7, 7),
(8, 8),
(9, 9),
(10, 10),
(11, 11),
(12, 12),
(13, 13),
(14, 14),
(15, 15),
(16, 16),
(17, 17),
(18, 18),
(19, 19),
(20, 20),
(21, 21),
(22, 22),
(23, 23),
(24, 24),
(25, 25),
(26, 26),
(27, 27),
(28, 28),
(29, 29),
(30, 30),
(31, 31),
(32, 32),
(33, 33),
(34, 34),
(35, 35),
(36, 36),
(37, 37),
(38, 38),
(39, 39),
(40, 40),
(41, 41),
(42, 42),
(43, 43),
(44, 44),
(45, 45),
(46, 46),
(47, 47),
(48, 48),
(49, 49),
(50, 50),
(51, 51),
(52, 52),
(53, 53),
(54, 54),
(55, 55),
(56, 56),
(57, 57),
(58, 58),
(59, 59),
(60, 60),
(61, 61),
(62, 62),
(63, 63),
(64, 64),
(65, 65),
(66, 66),
(67, 67),
(68, 68),
(69, 69),
(70, 70),
(71, 71),
(72, 72),
(73, 73),
(74, 74),
(75, 75),
(76, 76),
(77, 77),
(78, 78),
(79, 79),
(80, 80),
(81, 81),
(82, 82),
(83, 83),
(84, 84),
(85, 85),
(86, 86),
(87, 87),
(88, 88),
(89, 89),
(90, 90),
(91, 91),
(92, 92),
(93, 93),
(94, 94),
(95, 95),
(96, 96),
(97, 97),
(98, 98),
(99, 99),
(100, 100);

-- Insertamos Socios
INSERT INTO socios (id, nombre) VALUES
(1, 'Socio 1'),
(2, 'Socio 2'),
(3, 'Socio 3'),
(4, 'Socio 4'),
(5, 'Socio 5'),
(6, 'Socio 6'),
(7, 'Socio 7'),
(8, 'Socio 8'),
(9, 'Socio 9'),
(10, 'Socio 10'),
(11, 'Socio 11'),
(12, 'Socio 12'),
(13, 'Socio 13'),
(14, 'Socio 14'),
(15, 'Socio 15'),
(16, 'Socio 16'),
(17, 'Socio 17'),
(18, 'Socio 18'),
(19, 'Socio 19'),
(20, 'Socio 20'),
(21, 'Socio 21'),
(22, 'Socio 22'),
(23, 'Socio 23'),
(24, 'Socio 24'),
(25, 'Socio 25'),
(26, 'Socio 26'),
(27, 'Socio 27'),
(28, 'Socio 28'),
(29, 'Socio 29'),
(30, 'Socio 30'),
(31, 'Socio 31'),
(32, 'Socio 32'),
(33, 'Socio 33'),
(34, 'Socio 34'),
(35, 'Socio 35'),
(36, 'Socio 36'),
(37, 'Socio 37'),
(38, 'Socio 38'),
(39, 'Socio 39'),
(40, 'Socio 40'),
(41, 'Socio 41'),
(42, 'Socio 42'),
(43, 'Socio 43'),
(44, 'Socio 44'),
(45, 'Socio 45'),
(46, 'Socio 46'),
(47, 'Socio 47'),
(48, 'Socio 48'),
(49, 'Socio 49'),
(50, 'Socio 50'),
(51, 'Socio 51'),
(52, 'Socio 52'),
(53, 'Socio 53'),
(54, 'Socio 54'),
(55, 'Socio 55'),
(56, 'Socio 56'),
(57, 'Socio 57'),
(58, 'Socio 58'),
(59, 'Socio 59'),
(60, 'Socio 60'),
(61, 'Socio 61'),
(62, 'Socio 62'),
(63, 'Socio 63'),
(64, 'Socio 64'),
(65, 'Socio 65'),
(66, 'Socio 66'),
(67, 'Socio 67'),
(68, 'Socio 68'),
(69, 'Socio 69'),
(70, 'Socio 70'),
(71, 'Socio 71'),
(72, 'Socio 72'),
(73, 'Socio 73'),
(74, 'Socio 74'),
(75, 'Socio 75'),
(76, 'Socio 76'),
(77, 'Socio 77'),
(78, 'Socio 78'),
(79, 'Socio 79'),
(80, 'Socio 80'),
(81, 'Socio 81'),
(82, 'Socio 82'),
(83, 'Socio 83'),
(84, 'Socio 84'),
(85, 'Socio 85'),
(86, 'Socio 86'),
(87, 'Socio 87'),
(88, 'Socio 88'),
(89, 'Socio 89'),
(90, 'Socio 90'),
(91, 'Socio 91'),
(92, 'Socio 92'),
(93, 'Socio 93'),
(94, 'Socio 94'),
(95, 'Socio 95'),
(96, 'Socio 96'),
(97, 'Socio 97'),
(98, 'Socio 98'),
(99, 'Socio 99'),
(100, 'Socio 100');

-- Insertamos Préstamos
INSERT INTO prestamos (id, socio_id, libro_id, fecha_prestamo, fecha_devolucion) VALUES
(1, 1, 1, '2025-03-01', null),
(2, 2, 2, '2025-03-02', null),
(3, 3, 3, '2025-03-01', null),
(4, 4, 4, '2025-03-01', null),
(5, 5, 5, '2025-03-01', null),
(6, 6, 6, '2025-03-01', null),
(7, 7, 7, '2025-03-01', null),
(8, 8, 8, '2025-03-01', null),
(9, 9, 9, '2025-03-01', null),
(10, 10, 10, '2025-03-01', null),
(11, 11, 11, '2025-03-01', null),
(12, 12, 12, '2025-03-01', null),
(13, 13, 13, '2025-03-01', null),
(14, 14, 14, '2025-03-01', null),
(15, 15, 15, '2025-03-01', null),
(16, 16, 16, '2025-03-01', null),
(17, 17, 17, '2025-03-01', null),
(18, 18, 18, '2025-03-01', null),
(19, 19, 19, '2025-03-01', null),
(20, 20, 20, '2025-03-01', null),
(21, 21, 21, '2025-03-01', null),
(22, 22, 22, '2025-03-01', null),
(23, 23, 23, '2025-03-01', null),
(24, 24, 24, '2025-03-01', null),
(25, 25, 25, '2025-03-01', null),
(26, 26, 26, '2025-03-01', null),
(27, 27, 27, '2025-03-01', null),
(28, 28, 28, '2025-03-01', null),
(29, 29, 29, '2025-03-01', null),
(30, 30, 30, '2025-03-01', null),
(31, 31, 31, '2025-03-01', null),
(32, 32, 32, '2025-03-01', null),
(33, 33, 33, '2025-03-01', null),
(34, 34, 34, '2025-03-01', null),
(35, 35, 35, '2025-03-01', null),
(36, 36, 36, '2025-03-01', null),
(37, 37, 37, '2025-03-01', null),
(38, 38, 38, '2025-03-01', null),
(39, 39, 39, '2025-03-01', null),
(40, 40, 40, '2025-03-01', null),
(41, 41, 41, '2025-03-01', null),
(42, 42, 42, '2025-03-01', null),
(43, 43, 43, '2025-03-01', null),
(44, 44, 44, '2025-03-01', null),
(45, 45, 45, '2025-03-01', null),
(46, 46, 46, '2025-03-01', null),
(47, 47, 47, '2025-03-01', null),
(48, 48, 48, '2025-03-01', null),
(49, 49, 49, '2025-03-01', null),
(50, 50, 50, '2025-03-01', null),
(51, 51, 51, '2025-03-01', null),
(52, 52, 52, '2025-03-01', null),
(53, 53, 53, '2025-03-01', null),
(54, 54, 54, '2025-03-01', null),
(55, 55, 55, '2025-03-01', null),
(56, 56, 56, '2025-03-01', null),
(57, 57, 57, '2025-03-01', null),
(58, 58, 58, '2025-03-01', null),
(59, 59, 59, '2025-03-01', null),
(60, 60, 60, '2025-03-01', null),
(61, 61, 61, '2025-03-01', null),
(62, 62, 62, '2025-03-01', null),
(63, 63, 63, '2025-03-01', null),
(64, 64, 64, '2025-03-01', null),
(65, 65, 65, '2025-03-01', null),
(66, 66, 66, '2025-03-01', null),
(67, 67, 67, '2025-03-01', null),
(68, 68, 68, '2025-03-01', null),
(69, 69, 69, '2025-03-01', null),
(70, 70, 70, '2025-03-01', null),
(71, 71, 71, '2025-03-01', null),
(72, 72, 72, '2025-03-01', null),
(73, 73, 73, '2025-03-01', null),
(74, 74, 74, '2025-03-01', null),
(75, 75, 75, '2025-03-01', null),
(76, 76, 76, '2025-03-01', null),
(77, 77, 77, '2025-03-01', null),
(78, 78, 78, '2025-03-01', null),
(79, 79, 79, '2025-03-01', null),
(80, 80, 80, '2025-03-01', null),
(81, 81, 81, '2025-03-01', null),
(82, 82, 82, '2025-03-01', null),
(83, 83, 83, '2025-03-01', null),
(84, 84, 84, '2025-03-01', null),
(85, 85, 85, '2025-03-01', null),
(86, 86, 86, '2025-03-01', null),
(87, 87, 87, '2025-03-01', null),
(88, 88, 88, '2025-03-01', null),
(89, 89, 89, '2025-03-01', null),
(90, 90, 90, '2025-03-01', null),
(91, 91, 91, '2025-03-01', null),
(92, 92, 92, '2025-03-01', null),
(93, 93, 93, '2025-03-01', null),
(94, 94, 94, '2025-03-01', null),
(95, 95, 95, '2025-03-01', null),
(96, 96, 96, '2025-03-01', null),
(97, 97, 97, '2025-03-01', null),
(98, 98, 98, '2025-03-01', null),
(99, 99, 99, '2025-03-01', null),
(100, 100, 100, '2025-03-01', null);